Workbook

Sheet Petunjuk
A1: Template Buku Kas UMKM
A2: Gratis dari LaciQ (laciq.solusimandiri.id). Tidak ada makro, tidak perlu internet, tidak perlu daftar.
A4: Cara pakai (3 langkah)
A5: 1. Hapus baris contoh (tulisannya abu-abu miring dan berawalan "Contoh:") di lembar Kas Masuk, Kas Keluar, dan Utang Piutang.
A6: 2. Catat setiap uang masuk di Kas Masuk dan setiap uang keluar di Kas Keluar. Kolom "Untuk" membedakan pengeluaran Usaha dari uang yang kamu ambil untuk pribadi (Prive).
A7: 3. Buka Ringkasan Bulanan. Isi Tahun dan Saldo awal tahun, lalu lihat kas masuk, kas keluar, laba kas, prive, dan saldo tiap bulan.
A9: Aturan singkat
A10: • Sel berlatar kuning diisi manual. Sel lain berisi rumus, jangan diketik ulang.
A11: • Template menampung 1.000 baris Kas Masuk, 1.000 baris Kas Keluar, dan 500 catatan utang/piutang. Untuk lebih banyak, buat salinan berkas per tahun.
A12: • Nama kategori bisa diubah di lembar Daftar.
A13: • Tulis jumlah sebagai angka positif. Uang keluar dicatat di Kas Keluar, bukan sebagai angka minus.
A14: • Jangan mengganti kata "Usaha" dan "Prive" di kolom Untuk, serta "Piutang" dan "Utang" di Utang Piutang: rumus mencarinya persis.
... A20: LaciQ (aplikasi Android) mencatat dari HP dan bisa mengekspor laporan ke Excel (fitur Premium). Tanpa akun, data tersimpan di HP-mu. Cari "LaciQ: Buku Kas & Catatan Uang" di Google Play.

Sheet Daftar
A1: Daftar kategori
A2: Ubah nama kategori sesuai usahamu. Pilihan di lembar Kas Masuk/Kas Keluar mengikuti daftar ini.
A4: Kategori Kas Masuk | B4: Kategori Kas Keluar
A5: Penjualan | B5: Bahan baku/stok
A6: Jasa | B6: Gaji & upah
A7: Modal disetor | B7: Sewa
A8: Pinjaman diterima | B8: Listrik, air & internet
A9: Pendapatan lain | B9: Transport & kirim
B10: Pemasaran & iklan
B11: Peralatan
B12: Pajak & biaya admin
B13: Cicilan usaha
B14: Lain-lain

Sheet Kas Masuk
A1: Kas Masuk
A2: Catat setiap uang yang masuk ke usaha. Kolom berlatar kuning diisi manual.
A4: Tanggal | B4: Keterangan | C4: Kategori | D4: Dari (pelanggan/sumber) | E4: Jumlah (Rp)
A5: 46328 | B5: Contoh: penjualan harian | C5: Penjualan | D5: Pelanggan umum | E5: 850000
A6: 46331 | B6: Contoh: pesanan katering | C6: Jasa | D6: Ibu Sari | E6: 1500000
A7: 46336 | B7: Contoh: modal tambahan | C7: Modal disetor | D7: Pemilik | E7: 2000000

Sheet Kas Keluar
A1: Kas Keluar
A2: Kolom "Untuk" memisahkan pengeluaran usaha dari uang yang kamu ambil untuk pribadi (Prive).
A4: Tanggal | B4: Keterangan | C4: Kategori | D4: Untuk | E4: Jumlah (Rp)
A5: 46329 | B5: Contoh: belanja bahan | C5: Bahan baku/stok | D5: Usaha | E5: 420000
A6: 46333 | B6: Contoh: bayar listrik toko | C6: Listrik, air & internet | D6: Usaha | E6: 250000
A7: 46338 | B7: Contoh: ambil untuk pribadi | C7: Lain-lain | D7: Prive | E7: 500000

Sheet Ringkasan Bulanan
A1: Ringkasan Bulanan
A2: Terhitung otomatis dari lembar Kas Masuk dan Kas Keluar. Jangan ketik di sel tanpa latar kuning.
A3: Tahun | B3: 2026 | C3: Ganti tahun untuk melihat tahun lain.
A4: Saldo awal tahun (Rp) | B4: 0 | C4: Uang usaha yang kamu pegang di awal tahun (kas + saldo rekening usaha).
A6: Bulan | B6: Kas Masuk | C6: Kas Keluar (Usaha) | D6: Laba Kas Usaha | E6: Prive (ambil pribadi) | F6: Saldo Akhir
A7: Januari | B7: =SUMIFS('Kas Masuk'!$E$5:$E$1004,'Kas Masuk'!$A$5:$A$1004,">="&DATE($B$3,1,1),'Kas Masuk'!$A$5:$A$1004,"<"&DATE($B$3,1+1,1)) | C7: =SUMIFS('Kas Keluar'!$E$5:$E$1004,'Kas Keluar'!$A$5:$A$1004,">="&DATE($B$3,1,1),'Kas Keluar'!$A$5:$A$1004,"<"&DATE($B$3,1+1,1),'Kas Keluar'!$D$5:$D$1004,"Usaha") | D7: =B7-C7 | E7: =SUMIFS('Kas Keluar'!$E$5:$E$1004,'Kas Keluar'!$A$5:$A$1004,">="&DATE($B$3,1,1),'Kas Keluar'!$A$5:$A$1004,"<"&DATE($B$3,1+1,1),'Kas Keluar'!$D$5:$D$1004,"Prive") | F7: =$B$4+D7-E7
A8: Februari | B8: =SUMIFS('Kas Masuk'!$E$5:$E$1004,'Kas Masuk'!$A$5:$A$1004,">="&DATE($B$3,2,1),'Kas Masuk'!$A$5:$A$1004,"<"&DATE($B$3,2+1,1)) | C8: =SUMIFS('Kas Keluar'!$E$5:$E$1004,'Kas Keluar'!$A$5:$A$1004,">="&DATE($B$3,2,1),'Kas Keluar'!$A$5:$A$1004,"<"&DATE($B$3,2+1,1),'Kas Keluar'!$D$5:$D$1004,"Usaha") | D8: =B8-C8 | E8: =SUMIFS('Kas Keluar'!$E$5:$E$1004,'Kas Keluar'!$A$5:$A$1004,">="&DATE($B$3,2,1),'Kas Keluar'!$A$5:$A$1004,"<"&DATE($B$3,2+1,1),'Kas Keluar'!$D$5:$D$1004,"Prive") | F8: =F7+D8-E8
A9: Maret | B9: =SUMIFS('Kas Masuk'!$E$5:$E$1004,'Kas Masuk'!$A$5:$A$1004,">="&DATE($B$3,3,1),'Kas Masuk'!$A$5:$A$1004,"<"&DATE($B$3,3+1,1)) | C9: =SUMIFS('Kas Keluar'!$E$5:$E$1004,'Kas Keluar'!$A$5:$A$1004,">="&DATE($B$3,3,1),'Kas Keluar'!$A$5:$A$1004,"<"&DATE($B$3,3+1,1),'Kas Keluar'!$D$5:$D$1004,"Usaha") | D9: =B9-C9 | E9: =SUMIFS('Kas Keluar'!$E$5:$E$1004,'Kas Keluar'!$A$5:$A$1004,">="&DATE($B$3,3,1),'Kas Keluar'!$A$5:$A$1004,"<"&DATE($B$3,3+1,1),'Kas Keluar'!$D$5:$D$1004,"Prive") | F9: =F8+D9-E9
A10: April | B10: =SUMIFS('Kas Masuk'!$E$5:$E$1004,'Kas Masuk'!$A$5:$A$1004,">="&DATE($B$3,4,1),'Kas Masuk'!$A$5:$A$1004,"<"&DATE($B$3,4+1,1)) | C10: =SUMIFS('Kas Keluar'!$E$5:$E$1004,'Kas Keluar'!$A$5:$A$1004,">="&DATE($B$3,4,1),'Kas Keluar'!$A$5:$A$1004,"<"&DATE($B$3,4+1,1),'Kas Keluar'!$D$5:$D$1004,"Usaha") | D10: =B10-C10 | E10: =SUMIFS('Kas Keluar'!$E$5:$E$1004,'Kas Keluar'!$A$5:$A$1004,">="&DATE($B$3,4,1),'Kas Keluar'!$A$5:$A$1004,"<"&DATE($B$3,4+1,1),'Kas Keluar'!$D$5:$D$1004,"Prive") | F10: =F9+D10-E10
A11: Mei | B11: =SUMIFS('Kas Masuk'!$E$5:$E$1004,'Kas Masuk'!$A$5:$A$1004,">="&DATE($B$3,5,1),'Kas Masuk'!$A$5:$A$1004,"<"&DATE($B$3,5+1,1)) | C11: =SUMIFS('Kas Keluar'!$E$5:$E$1004,'Kas Keluar'!$A$5:$A$1004,">="&DATE($B$3,5,1),'Kas Keluar'!$A$5:$A$1004,"<"&DATE($B$3,5+1,1),'Kas Keluar'!$D$5:$D$1004,"Usaha") | D11: =B11-C11 | E11: =SUMIFS('Kas Keluar'!$E$5:$E$1004,'Kas Keluar'!$A$5:$A$1004,">="&DATE($B$3,5,1),'Kas Keluar'!$A$5:$A$1004,"<"&DATE($B$3,5+1,1),'Kas Keluar'!$D$5:$D$1004,"Prive") | F11: =F10+D11-E11
A12: Juni | B12: =SUMIFS('Kas Masuk'!$E$5:$E$1004,'Kas Masuk'!$A$5:$A$1004,">="&DATE($B$3,6,1),'Kas Masuk'!$A$5:$A$1004,"<"&DATE($B$3,6+1,1)) | C12: =SUMIFS('Kas Keluar'!$E$5:$E$1004,'Kas Keluar'!$A$5:$A$1004,">="&DATE($B$3,6,1),'Kas Keluar'!$A$5:$A$1004,"<"&DATE($B$3,6+1,1),'Kas Keluar'!$D$5:$D$1004,"Usaha") | D12: =B12-C12 | E12: =SUMIFS('Kas Keluar'!$E$5:$E$1004,'Kas Keluar'!$A$5:$A$1004,">="&DATE($B$3,6,1),'Kas Keluar'!$A$5:$A$1004,"<"&DATE($B$3,6+1,1),'Kas Keluar'!$D$5:$D$1004,"Prive") | F12: =F11+D12-E12
A13: Juli | B13: =SUMIFS('Kas Masuk'!$E$5:$E$1004,'Kas Masuk'!$A$5:$A$1004,">="&DATE($B$3,7,1),'Kas Masuk'!$A$5:$A$1004,"<"&DATE($B$3,7+1,1)) | C13: =SUMIFS('Kas Keluar'!$E$5:$E$1004,'Kas Keluar'!$A$5:$A$1004,">="&DATE($B$3,7,1),'Kas Keluar'!$A$5:$A$1004,"<"&DATE($B$3,7+1,1),'Kas Keluar'!$D$5:$D$1004,"Usaha") | D13: =B13-C13 | E13: =SUMIFS('Kas Keluar'!$E$5:$E$1004,'Kas Keluar'!$A$5:$A$1004,">="&DATE($B$3,7,1),'Kas Keluar'!$A$5:$A$1004,"<"&DATE($B$3,7+1,1),'Kas Keluar'!$D$5:$D$1004,"Prive") | F13: =F12+D13-E13
A14: Agustus | B14: =SUMIFS('Kas Masuk'!$E$5:$E$1004,'Kas Masuk'!$A$5:$A$1004,">="&DATE($B$3,8,1),'Kas Masuk'!$A$5:$A$1004,"<"&DATE($B$3,8+1,1)) | C14: =SUMIFS('Kas Keluar'!$E$5:$E$1004,'Kas Keluar'!$A$5:$A$1004,">="&DATE($B$3,8,1),'Kas Keluar'!$A$5:$A$1004,"<"&DATE($B$3,8+1,1),'Kas Keluar'!$D$5:$D$1004,"Usaha") | D14: =B14-C14 | E14: =SUMIFS('Kas Keluar'!$E$5:$E$1004,'Kas Keluar'!$A$5:$A$1004,">="&DATE($B$3,8,1),'Kas Keluar'!$A$5:$A$1004,"<"&DATE($B$3,8+1,1),'Kas Keluar'!$D$5:$D$1004,"Prive") | F14: =F13+D14-E14
A15: September | B15: =SUMIFS('Kas Masuk'!$E$5:$E$1004,'Kas Masuk'!$A$5:$A$1004,">="&DATE($B$3,9,1),'Kas Masuk'!$A$5:$A$1004,"<"&DATE($B$3,9+1,1)) | C15: =SUMIFS('Kas Keluar'!$E$5:$E$1004,'Kas Keluar'!$A$5:$A$1004,">="&DATE($B$3,9,1),'Kas Keluar'!$A$5:$A$1004,"<"&DATE($B$3,9+1,1),'Kas Keluar'!$D$5:$D$1004,"Usaha") | D15: =B15-C15 | E15: =SUMIFS('Kas Keluar'!$E$5:$E$1004,'Kas Keluar'!$A$5:$A$1004,">="&DATE($B$3,9,1),'Kas Keluar'!$A$5:$A$1004,"<"&DATE($B$3,9+1,1),'Kas Keluar'!$D$5:$D$1004,"Prive") | F15: =F14+D15-E15
A16: Oktober | B16: =SUMIFS('Kas Masuk'!$E$5:$E$1004,'Kas Masuk'!$A$5:$A$1004,">="&DATE($B$3,10,1),'Kas Masuk'!$A$5:$A$1004,"<"&DATE($B$3,10+1,1)) | C16: =SUMIFS('Kas Keluar'!$E$5:$E$1004,'Kas Keluar'!$A$5:$A$1004,">="&DATE($B$3,10,1),'Kas Keluar'!$A$5:$A$1004,"<"&DATE($B$3,10+1,1),'Kas Keluar'!$D$5:$D$1004,"Usaha") | D16: =B16-C16 | E16: =SUMIFS('Kas Keluar'!$E$5:$E$1004,'Kas Keluar'!$A$5:$A$1004,">="&DATE($B$3,10,1),'Kas Keluar'!$A$5:$A$1004,"<"&DATE($B$3,10+1,1),'Kas Keluar'!$D$5:$D$1004,"Prive") | F16: =F15+D16-E16
A17: November | B17: =SUMIFS('Kas Masuk'!$E$5:$E$1004,'Kas Masuk'!$A$5:$A$1004,">="&DATE($B$3,11,1),'Kas Masuk'!$A$5:$A$1004,"<"&DATE($B$3,11+1,1)) | C17: =SUMIFS('Kas Keluar'!$E$5:$E$1004,'Kas Keluar'!$A$5:$A$1004,">="&DATE($B$3,11,1),'Kas Keluar'!$A$5:$A$1004,"<"&DATE($B$3,11+1,1),'Kas Keluar'!$D$5:$D$1004,"Usaha") | D17: =B17-C17 | E17: =SUMIFS('Kas Keluar'!$E$5:$E$1004,'Kas Keluar'!$A$5:$A$1004,">="&DATE($B$3,11,1),'Kas Keluar'!$A$5:$A$1004,"<"&DATE($B$3,11+1,1),'Kas Keluar'!$D$5:$D$1004,"Prive") | F17: =F16+D17-E17
A18: Desember | B18: =SUMIFS('Kas Masuk'!$E$5:$E$1004,'Kas Masuk'!$A$5:$A$1004,">="&DATE($B$3,12,1),'Kas Masuk'!$A$5:$A$1004,"<"&DATE($B$3,12+1,1)) | C18: =SUMIFS('Kas Keluar'!$E$5:$E$1004,'Kas Keluar'!$A$5:$A$1004,">="&DATE($B$3,12,1),'Kas Keluar'!$A$5:$A$1004,"<"&DATE($B$3,12+1,1),'Kas Keluar'!$D$5:$D$1004,"Usaha") | D18: =B18-C18 | E18: =SUMIFS('Kas Keluar'!$E$5:$E$1004,'Kas Keluar'!$A$5:$A$1004,">="&DATE($B$3,12,1),'Kas Keluar'!$A$5:$A$1004,"<"&DATE($B$3,12+1,1),'Kas Keluar'!$D$5:$D$1004,"Prive") | F18: =F17+D18-E18
A19: Total tahun | B19: =SUM(B7:B18) | C19: =SUM(C7:C18) | D19: =SUM(D7:D18) | E19: =SUM(E7:E18) | F19: =F18
A20: Laba Kas Usaha = Kas Masuk dikurangi Kas Keluar (Usaha). Ini hitungan uang tunai, bukan laporan laba rugi akuntansi. Modal disetor dan pinjaman yang diterima ikut terhitung sebagai Kas Masuk.
A23: Kategori Kas Masuk (setahun) | B23: Total (Rp) | D23: Kategori Kas Keluar Usaha (setahun) | E23: Total (Rp)
A24: =IF(Daftar!A5="","",Daftar!A5) | B24: =IF(A24="","",SUMIFS('Kas Masuk'!$E$5:$E$1004,'Kas Masuk'!$C$5:$C$1004,A24,'Kas Masuk'!$A$5:$A$1004,">="&DATE($B$3,1,1),'Kas Masuk'!$A$5:$A$1004,"<"&DATE($B$3+1,1,1))) | D24: =IF(Daftar!B5="","",Daftar!B5) | E24: =IF(D24="","",SUMIFS('Kas Keluar'!$E$5:$E$1004,'Kas Keluar'!$C$5:$C$1004,D24,'Kas Keluar'!$D$5:$D$1004,"Usaha",'Kas Keluar'!$A$5:$A$1004,">="&DATE($B$3,1,1),'Kas Keluar'!$A$5:$A$1004,"<"&DATE($B$3+1,1,1)))
A25: =IF(Daftar!A6="","",Daftar!A6) | B25: =IF(A25="","",SUMIFS('Kas Masuk'!$E$5:$E$1004,'Kas Masuk'!$C$5:$C$1004,A25,'Kas Masuk'!$A$5:$A$1004,">="&DATE($B$3,1,1),'Kas Masuk'!$A$5:$A$1004,"<"&DATE($B$3+1,1,1))) | D25: =IF(Daftar!B6="","",Daftar!B6) | E25: =IF(D25="","",SUMIFS('Kas Keluar'!$E$5:$E$1004,'Kas Keluar'!$C$5:$C$1004,D25,'Kas Keluar'!$D$5:$D$1004,"Usaha",'Kas Keluar'!$A$5:$A$1004,">="&DATE($B$3,1,1),'Kas Keluar'!$A$5:$A$1004,"<"&DATE($B$3+1,1,1)))
A26: =IF(Daftar!A7="","",Daftar!A7) | B26: =IF(A26="","",SUMIFS('Kas Masuk'!$E$5:$E$1004,'Kas Masuk'!$C$5:$C$1004,A26,'Kas Masuk'!$A$5:$A$1004,">="&DATE($B$3,1,1),'Kas Masuk'!$A$5:$A$1004,"<"&DATE($B$3+1,1,1))) | D26: =IF(Daftar!B7="","",Daftar!B7) | E26: =IF(D26="","",SUMIFS('Kas Keluar'!$E$5:$E$1004,'Kas Keluar'!$C$5:$C$1004,D26,'Kas Keluar'!$D$5:$D$1004,"Usaha",'Kas Keluar'!$A$5:$A$1004,">="&DATE($B$3,1,1),'Kas Keluar'!$A$5:$A$1004,"<"&DATE($B$3+1,1,1)))
A27: =IF(Daftar!A8="","",Daftar!A8) | B27: =IF(A27="","",SUMIFS('Kas Masuk'!$E$5:$E$1004,'Kas Masuk'!$C$5:$C$1004,A27,'Kas Masuk'!$A$5:$A$1004,">="&DATE($B$3,1,1),'Kas Masuk'!$A$5:$A$1004,"<"&DATE($B$3+1,1,1))) | D27: =IF(Daftar!B8="","",Daftar!B8) | E27: =IF(D27="","",SUMIFS('Kas Keluar'!$E$5:$E$1004,'Kas Keluar'!$C$5:$C$1004,D27,'Kas Keluar'!$D$5:$D$1004,"Usaha",'Kas Keluar'!$A$5:$A$1004,">="&DATE($B$3,1,1),'Kas Keluar'!$A$5:$A$1004,"<"&DATE($B$3+1,1,1)))
A28: =IF(Daftar!A9="","",Daftar!A9) | B28: =IF(A28="","",SUMIFS('Kas Masuk'!$E$5:$E$1004,'Kas Masuk'!$C$5:$C$1004,A28,'Kas Masuk'!$A$5:$A$1004,">="&DATE($B$3,1,1),'Kas Masuk'!$A$5:$A$1004,"<"&DATE($B$3+1,1,1))) | D28: =IF(Daftar!B9="","",Daftar!B9) | E28: =IF(D28="","",SUMIFS('Kas Keluar'!$E$5:$E$1004,'Kas Keluar'!$C$5:$C$1004,D28,'Kas Keluar'!$D$5:$D$1004,"Usaha",'Kas Keluar'!$A$5:$A$1004,">="&DATE($B$3,1,1),'Kas Keluar'!$A$5:$A$1004,"<"&DATE($B$3+1,1,1)))
A29: =IF(Daftar!A10="","",Daftar!A10) | B29: =IF(A29="","",SUMIFS('Kas Masuk'!$E$5:$E$1004,'Kas Masuk'!$C$5:$C$1004,A29,'Kas Masuk'!$A$5:$A$1004,">="&DATE($B$3,1,1),'Kas Masuk'!$A$5:$A$1004,"<"&DATE($B$3+1,1,1))) | D29: =IF(Daftar!B10="","",Daftar!B10) | E29: =IF(D29="","",SUMIFS('Kas Keluar'!$E$5:$E$1004,'Kas Keluar'!$C$5:$C$1004,D29,'Kas Keluar'!$D$5:$D$1004,"Usaha",'Kas Keluar'!$A$5:$A$1004,">="&DATE($B$3,1,1),'Kas Keluar'!$A$5:$A$1004,"<"&DATE($B$3+1,1,1)))
A30: =IF(Daftar!A11="","",Daftar!A11) | B30: =IF(A30="","",SUMIFS('Kas Masuk'!$E$5:$E$1004,'Kas Masuk'!$C$5:$C$1004,A30,'Kas Masuk'!$A$5:$A$1004,">="&DATE($B$3,1,1),'Kas Masuk'!$A$5:$A$1004,"<"&DATE($B$3+1,1,1))) | D30: =IF(Daftar!B11="","",Daftar!B11) | E30: =IF(D30="","",SUMIFS('Kas Keluar'!$E$5:$E$1004,'Kas Keluar'!$C$5:$C$1004,D30,'Kas Keluar'!$D$5:$D$1004,"Usaha",'Kas Keluar'!$A$5:$A$1004,">="&DATE($B$3,1,1),'Kas Keluar'!$A$5:$A$1004,"<"&DATE($B$3+1,1,1)))
A31: =IF(Daftar!A12="","",Daftar!A12) | B31: =IF(A31="","",SUMIFS('Kas Masuk'!$E$5:$E$1004,'Kas Masuk'!$C$5:$C$1004,A31,'Kas Masuk'!$A$5:$A$1004,">="&DATE($B$3,1,1),'Kas Masuk'!$A$5:$A$1004,"<"&DATE($B$3+1,1,1))) | D31: =IF(Daftar!B12="","",Daftar!B12) | E31: =IF(D31="","",SUMIFS('Kas Keluar'!$E$5:$E$1004,'Kas Keluar'!$C$5:$C$1004,D31,'Kas Keluar'!$D$5:$D$1004,"Usaha",'Kas Keluar'!$A$5:$A$1004,">="&DATE($B$3,1,1),'Kas Keluar'!$A$5:$A$1004,"<"&DATE($B$3+1,1,1)))
A32: =IF(Daftar!A13="","",Daftar!A13) | B32: =IF(A32="","",SUMIFS('Kas Masuk'!$E$5:$E$1004,'Kas Masuk'!$C$5:$C$1004,A32,'Kas Masuk'!$A$5:$A$1004,">="&DATE($B$3,1,1),'Kas Masuk'!$A$5:$A$1004,"<"&DATE($B$3+1,1,1))) | D32: =IF(Daftar!B13="","",Daftar!B13) | E32: =IF(D32="","",SUMIFS('Kas Keluar'!$E$5:$E$1004,'Kas Keluar'!$C$5:$C$1004,D32,'Kas Keluar'!$D$5:$D$1004,"Usaha",'Kas Keluar'!$A$5:$A$1004,">="&DATE($B$3,1,1),'Kas Keluar'!$A$5:$A$1004,"<"&DATE($B$3+1,1,1)))
A33: =IF(Daftar!A14="","",Daftar!A14) | B33: =IF(A33="","",SUMIFS('Kas Masuk'!$E$5:$E$1004,'Kas Masuk'!$C$5:$C$1004,A33,'Kas Masuk'!$A$5:$A$1004,">="&DATE($B$3,1,1),'Kas Masuk'!$A$5:$A$1004,"<"&DATE($B$3+1,1,1))) | D33: =IF(Daftar!B14="","",Daftar!B14) | E33: =IF(D33="","",SUMIFS('Kas Keluar'!$E$5:$E$1004,'Kas Keluar'!$C$5:$C$1004,D33,'Kas Keluar'!$D$5:$D$1004,"Usaha",'Kas Keluar'!$A$5:$A$1004,">="&DATE($B$3,1,1),'Kas Keluar'!$A$5:$A$1004,"<"&DATE($B$3+1,1,1)))
A34: =IF(Daftar!A15="","",Daftar!A15) | B34: =IF(A34="","",SUMIFS('Kas Masuk'!$E$5:$E$1004,'Kas Masuk'!$C$5:$C$1004,A34,'Kas Masuk'!$A$5:$A$1004,">="&DATE($B$3,1,1),'Kas Masuk'!$A$5:$A$1004,"<"&DATE($B$3+1,1,1))) | D34: =IF(Daftar!B15="","",Daftar!B15) | E34: =IF(D34="","",SUMIFS('Kas Keluar'!$E$5:$E$1004,'Kas Keluar'!$C$5:$C$1004,D34,'Kas Keluar'!$D$5:$D$1004,"Usaha",'Kas Keluar'!$A$5:$A$1004,">="&DATE($B$3,1,1),'Kas Keluar'!$A$5:$A$1004,"<"&DATE($B$3+1,1,1)))
A35: =IF(Daftar!A16="","",Daftar!A16) | B35: =IF(A35="","",SUMIFS('Kas Masuk'!$E$5:$E$1004,'Kas Masuk'!$C$5:$C$1004,A35,'Kas Masuk'!$A$5:$A$1004,">="&DATE($B$3,1,1),'Kas Masuk'!$A$5:$A$1004,"<"&DATE($B$3+1,1,1))) | D35: =IF(Daftar!B16="","",Daftar!B16) | E35: =IF(D35="","",SUMIFS('Kas Keluar'!$E$5:$E$1004,'Kas Keluar'!$C$5:$C$1004,D35,'Kas Keluar'!$D$5:$D$1004,"Usaha",'Kas Keluar'!$A$5:$A$1004,">="&DATE($B$3,1,1),'Kas Keluar'!$A$5:$A$1004,"<"&DATE($B$3+1,1,1)))
... A38: =IF(Daftar!A19="","",Daftar!A19) | B38: =IF(A38="","",SUMIFS('Kas Masuk'!$E$5:$E$1004,'Kas Masuk'!$C$5:$C$1004,A38,'Kas Masuk'!$A$5:$A$1004,">="&DATE($B$3,1,1),'Kas Masuk'!$A$5:$A$1004,"<"&DATE($B$3+1,1,1))) | D38: =IF(Daftar!B19="","",Daftar!B19) | E38: =IF(D38="","",SUMIFS('Kas Keluar'!$E$5:$E$1004,'Kas Keluar'!$C$5:$C$1004,D38,'Kas Keluar'!$D$5:$D$1004,"Usaha",'Kas Keluar'!$A$5:$A$1004,">="&DATE($B$3,1,1),'Kas Keluar'!$A$5:$A$1004,"<"&DATE($B$3+1,1,1)))

Sheet Utang Piutang
A1: Utang & Piutang
A2: Piutang = orang lain berutang kepadamu. Utang = kamu berutang kepada orang lain. Isi "Dibayar" setiap ada pembayaran.
A4: Total Piutang belum dibayar | C4: =SUMIFS($H$9:$H$508,$B$9:$B$508,"Piutang")
A5: Total Utang belum dibayar | C5: =SUMIFS($H$9:$H$508,$B$9:$B$508,"Utang")
A6: Jatuh tempo terlewat (jumlah catatan) | C6: =COUNTIF($I$9:$I$508,"Terlambat")
A8: Tanggal | B8: Jenis | C8: Nama | D8: Keterangan | E8: Jumlah (Rp) | F8: Jatuh tempo | G8: Dibayar (Rp) | H8: Sisa (Rp) | I8: Status
A9: 46330 | B9: Piutang | C9: Contoh: Toko Maju | D9: Contoh: pesanan 20 kotak | E9: 600000 | F9: 46346 | G9: 200000 | H9: =IF(E9="","",E9-N(G9)) | I9: =IF(E9="","",IF(E9-N(G9)<=0,"Lunas",IF(AND(F9<>"",F9<TODAY()),"Terlambat","Belum lunas")))
A10: 46332 | B10: Utang | C10: Contoh: Pemasok tepung | D10: Contoh: bahan baku tempo | E10: 450000 | F10: 46351 | G10: 0 | H10: =IF(E10="","",E10-N(G10)) | I10: =IF(E10="","",IF(E10-N(G10)<=0,"Lunas",IF(AND(F10<>"",F10<TODAY()),"Terlambat","Belum lunas")))
H11: =IF(E11="","",E11-N(G11)) | I11: =IF(E11="","",IF(E11-N(G11)<=0,"Lunas",IF(AND(F11<>"",F11<TODAY()),"Terlambat","Belum lunas")))
H12: =IF(E12="","",E12-N(G12)) | I12: =IF(E12="","",IF(E12-N(G12)<=0,"Lunas",IF(AND(F12<>"",F12<TODAY()),"Terlambat","Belum lunas")))
H13: =IF(E13="","",E13-N(G13)) | I13: =IF(E13="","",IF(E13-N(G13)<=0,"Lunas",IF(AND(F13<>"",F13<TODAY()),"Terlambat","Belum lunas")))
H14: =IF(E14="","",E14-N(G14)) | I14: =IF(E14="","",IF(E14-N(G14)<=0,"Lunas",IF(AND(F14<>"",F14<TODAY()),"Terlambat","Belum lunas")))
H15: =IF(E15="","",E15-N(G15)) | I15: =IF(E15="","",IF(E15-N(G15)<=0,"Lunas",IF(AND(F15<>"",F15<TODAY()),"Terlambat","Belum lunas")))
H16: =IF(E16="","",E16-N(G16)) | I16: =IF(E16="","",IF(E16-N(G16)<=0,"Lunas",IF(AND(F16<>"",F16<TODAY()),"Terlambat","Belum lunas")))
H17: =IF(E17="","",E17-N(G17)) | I17: =IF(E17="","",IF(E17-N(G17)<=0,"Lunas",IF(AND(F17<>"",F17<TODAY()),"Terlambat","Belum lunas")))
H18: =IF(E18="","",E18-N(G18)) | I18: =IF(E18="","",IF(E18-N(G18)<=0,"Lunas",IF(AND(F18<>"",F18<TODAY()),"Terlambat","Belum lunas")))
H19: =IF(E19="","",E19-N(G19)) | I19: =IF(E19="","",IF(E19-N(G19)<=0,"Lunas",IF(AND(F19<>"",F19<TODAY()),"Terlambat","Belum lunas")))
H20: =IF(E20="","",E20-N(G20)) | I20: =IF(E20="","",IF(E20-N(G20)<=0,"Lunas",IF(AND(F20<>"",F20<TODAY()),"Terlambat","Belum lunas")))
H21: =IF(E21="","",E21-N(G21)) | I21: =IF(E21="","",IF(E21-N(G21)<=0,"Lunas",IF(AND(F21<>"",F21<TODAY()),"Terlambat","Belum lunas")))
H22: =IF(E22="","",E22-N(G22)) | I22: =IF(E22="","",IF(E22-N(G22)<=0,"Lunas",IF(AND(F22<>"",F22<TODAY()),"Terlambat","Belum lunas")))
... H508: =IF(E508="","",E508-N(G508)) | I508: =IF(E508="","",IF(E508-N(G508)<=0,"Lunas",IF(AND(F508<>"",F508<TODAY()),"Terlambat","Belum lunas")))
