Workbook

Sheet Petunjuk
A1: Proyeksi finansial LaciQ
A2: Disusun 2026-10-05; asumsi PPN dikoreksi 2026-10-09 setelah pesanan nyata pertama. PERKIRAAN dari asumsi, bukan ramalan dan bukan nasihat pajak.
A4: Cara memakai
A5: 1 | B5: Buka sheet Asumsi. Ubah hanya sel BERWARNA BIRU (kuning = tuas utama). Sel hitam adalah rumus; jangan ditimpa.
A6: 2 | B6: Per_Pelanggan: dari harga yang dibayar sampai net per pelanggan (Premium, Ultimate dengan AI tipikal, Ultimate dengan kuota AI penuh).
A7: 3 | B7: Skenario: tiga skenario bulan ke-12 (Konservatif, Moderat, Optimis), net per bulan dan per tahun, kasus terburuk biaya AI, dan iklan.
A8: 4 | B8: Sensitivitas: tabel net per tahun untuk kombinasi pengguna aktif dan konversi, plus titik impas terhadap target penghasilan.
A10: Kode warna
A11: Biru | B11: Input yang bisa Anda ubah.
A12: Kuning | B12: Tuas utama (harga, bauran, skenario, skema pajak, asumsi PPN).
A13: Hitam | B13: Rumus.
A14: Hijau | B14: Tautan langsung ke sheet lain.
A16: Asumsi penting
A17: PPN | B17: Harga di Play (Rp7.500, Rp12.500, dst.) adalah harga JUAL tanpa PPN. PPN 11% ditambahkan di atas harga dan dipungut/disetor Google, jadi pelanggan Ultimate bulanan membayar Rp13.875. Biaya Google 15% dihitung dari harga jual. TERVERIFIKASI dari pesanan nyata 2026-10-09.
A18: Biaya Google | B18: 15% untuk langganan sejak hari pertama.
A19: PPh | B19: PPh final 0,5% (PP 55/2022). Orang pribadi: omzet sampai Rp500 juta/tahun bebas. PT/CV: tanpa batas. Default workbook = skema 2 (PT/CV).
A20: Biaya AI | B20: Scan struk Rp4,6 per scan = TERUKUR. Ringkasan AI Rp30 = PERKIRAAN. Suara dan Excel tanpa biaya (diproses di HP/layanan Android).
A21: Pengguna dan konversi | B21: TEBAKAN. Ganti dengan data nyata (Play Console, RevenueCat) setelah 1-2 bulan di produksi.
A22: Iklan AdMob | B22: Kepercayaan RENDAH, akun belum disetujui. Dipisahkan dari net langganan.
A23: Tidak dihitung | B23: Biaya mendapatkan pengguna, refund/chargeback, selisih kurs, waktu pengembangan, biaya bank.
A24: Pajak | B24: Konfirmasikan angka pajak dan status wajib pajak ke konsultan pajak. Aturan dan tarif bisa berubah.
A26: Sumber | B26: docs/PROYEKSI-FINANSIAL.md; docs/MATRIKS-FITUR-PAKET.md (harga); docs/RENCANA-IMPLEMENTASI-ULTIMATE-LANJUTAN.md §9 (biaya scan); log Worker `ai_usage`.

Sheet Asumsi
A1: Asumsi (ubah sel BIRU; sel kuning = tuas utama)
A2: Semua angka lain di workbook ini dihitung dari sel di halaman ini. Satuan: Rupiah kecuali disebut lain.
A3: Harga langganan (Rp, harga jual di Play, BELUM termasuk PPN)
A4: Premium bulanan | B4: 7500 | E4: Ditetapkan 2026-09-29 (MATRIKS-FITUR-PAKET.md).
A5: Premium tahunan | B5: 75000 | E5: Idem.
A6: Ultimate bulanan | B6: 12500 | E6: Idem.
A7: Ultimate tahunan | B7: 125000 | E7: Idem.
A8: Porsi pelanggan bulanan (sisanya tahunan) | B8: 0.6 | E8: ASUMSI pemilik/analis, belum ada data. Tahunan = kas di muka.
A10: Potongan dan pajak
A11: Tarif PPN efektif | B11: 0.11 | E11: 11% (pajak Rp1.375 atas harga jual Rp12.500 di pesanan nyata). Konfirmasi status ke konsultan pajak.
A12: Harga Play sudah termasuk PPN? (1 = ya, 0 = belum; PPN ditambahkan di atas harga) | B12: 0 | E12: TERVERIFIKASI 2026-10-09 dari pesanan Play GPA.3304-9982-3764-47106: harga jual Rp12.500 + pajak Rp1.375 = total Rp13.875; estimasi pendapatan USD 0,59 = Rp12.500 x 85% / Rp17.930. Pelanggan membayar PPN di atas harga; Google memungut dan menyetornya.
A13: Biaya layanan Google untuk langganan | B13: 0.15 | E13: 15% sejak hari pertama untuk langganan (kebijakan Play).
A14: PPh final UMKM atas omzet | B14: 0.005 | E14: PP 55/2022, 0,5% dari omzet bruto.
A15: Skema PPh (1 = orang pribadi, bebas pajak s/d batas; 2 = PT/CV, tanpa batas) | B15: 2 | E15: Default 2 (lebih berat) supaya konservatif. Ganti sesuai status Anda.
A16: Batas omzet bebas PPh orang pribadi (Rp/tahun) | B16: 500000000 | E16: PP 55/2022; hanya dipakai bila skema = 1.
A18: Biaya AI (Gemini via Cloudflare Worker)
A19: Biaya per scan struk (Rp) | B19: 4.6 | E19: TERUKUR 2026-10-01 (lima scan, model gemini-3.1-flash-lite).
A20: Biaya per ringkasan Laporan Bulanan AI (Rp) | B20: 30 | E20: PERKIRAAN, belum terukur. Ukur dari log `ai_usage kind=report`.
A21: Scan per pelanggan Ultimate per bulan (tipikal) | B21: 30 | E21: ASUMSI.
A22: Ringkasan per pelanggan Ultimate per bulan (tipikal) | B22: 4 | E22: ASUMSI (satu per minggu).
A23: Kuota scan maksimum per bulan | B23: 300 | E23: Batas Worker (MONTHLY_LIMIT).
A24: Kuota ringkasan maksimum per bulan | B24: 30 | E24: Batas Worker (REPORT_MONTHLY_LIMIT).
A25: Kurs (Rp per USD) | B25: 17930 | E25: Kurs yang dipakai di analisis biaya AI.
A27: Iklan AdMob (kepercayaan RENDAH; akun belum disetujui)
A28: eCPM banner (USD per 1.000 tayangan) | B28: 0.15 | E28: PERKIRAAN untuk Indonesia ($0,10-0,30). Ganti dengan data AdMob nyata.
A29: Tayangan per pengguna gratis aktif per bulan | B29: 200 | E29: PERKIRAAN (~40% aktif harian, ~15 tayangan/hari).
A31: Biaya lain
A32: Batas gratis RevenueCat (USD pendapatan terlacak/bulan) | B32: 2500 | E32: Di atasnya RevenueCat memungut persen di bawah.
A33: Persen RevenueCat di atas batas | B33: 0.01 | E33: 1% dari pendapatan terlacak di atas batas.
A34: Biaya tetap lain per bulan (Rp) | B34: 0 | E34: Mis. Cloudflare Workers berbayar ($5 = ~Rp90.000), domain, dsb. Isi bila ada.
A36: Skenario (bulan ke-12, kondisi stabil)
A37: Parameter | B37: Konservatif | C37: Moderat | D37: Optimis
A38: Pengguna aktif bulanan (MAU) | B38: 1000 | C38: 5000 | D38: 20000 | E38: TEBAKAN untuk aplikasi keuangan pribadi di Indonesia; ganti dengan data nyata.
A39: Konversi ke berbayar (dari MAU) | B39: 0.015 | C39: 0.025 | D39: 0.03 | E39: Umumnya 1-3% dari pengguna aktif membayar; sangat bergantung kualitas produk dan pemasaran.
A40: Porsi Ultimate dari pelanggan berbayar | B40: 0.2 | C40: 0.25 | D40: 0.3
A41: Faktor tahun pertama (rata-rata pelanggan / akhir tahun) | B41: 0.5 | C41: 0.5 | D41: 0.5 | E41: 0,5 = pelanggan tumbuh linear sehingga rata-rata setahun separuh dari jumlah akhir.

Sheet Per_Pelanggan
A1: Per pelanggan per bulan
A2: Dari harga jual sampai net yang Anda terima. PPN dibayar pelanggan di atas harga (baris informasi di bawah). Semua dihitung dari sheet Asumsi.
B3: Premium | C3: Ultimate (AI tipikal) | D3: Ultimate (kuota AI penuh)
A4: Harga jual efektif per bulan (campuran bulanan/tahunan, tanpa PPN) | B4: =Asumsi!$B$8*Asumsi!$B$4+(1-Asumsi!$B$8)*Asumsi!$B$5/12 -> 7000 | C4: =Asumsi!$B$8*Asumsi!$B$6+(1-Asumsi!$B$8)*Asumsi!$B$7/12 -> 11666.667 | D4: =Asumsi!$B$8*Asumsi!$B$6+(1-Asumsi!$B$8)*Asumsi!$B$7/12 -> 11666.667
A5: PPN yang dipotong dari harga (0 bila PPN di atas harga) | B5: =IF(Asumsi!$B$12=1,B4-B4/(1+Asumsi!$B$11),0) -> 0 | C5: =IF(Asumsi!$B$12=1,C4-C4/(1+Asumsi!$B$11),0) -> 0 | D5: =IF(Asumsi!$B$12=1,D4-D4/(1+Asumsi!$B$11),0) -> 0 | E5: Bernilai 0 karena 'Harga Play sudah termasuk PPN' = 0: PPN ditambahkan di atas harga, bukan dipotong dari pendapatan Anda.
A6: Dasar biaya Google (harga jual) | B6: =B4-B5 -> 7000 | C6: =C4-C5 -> 11666.667 | D6: =D4-D5 -> 11666.667
A7: Biaya layanan Google | B7: =B6*Asumsi!$B$13 -> 1050 | C7: =C6*Asumsi!$B$13 -> 1750 | D7: =D6*Asumsi!$B$13 -> 1750
A8: Biaya AI | B8: 0 | C8: =Asumsi!$B$19*Asumsi!$B$21+Asumsi!$B$20*Asumsi!$B$22 -> 258 | D8: =Asumsi!$B$19*Asumsi!$B$23+Asumsi!$B$20*Asumsi!$B$24 -> 2280 | E8: Premium tidak memakai AI di server. Suara dan Excel diproses di HP (tanpa biaya).
A9: Net sebelum PPh | B9: =B6-B7-B8 -> 5950 | C9: =C6-C7-C8 -> 9658.6667 | D9: =D6-D7-D8 -> 7636.6667 | E9: Sebelum PPh, RevenueCat, dan biaya tetap.
A10: Net sebagai persen dari harga jual | B10: =IF(B4=0,0,B9/B4) -> 0.85 | C10: =IF(C4=0,0,C9/C4) -> 0.82788571 | D10: =IF(D4=0,0,D9/D4) -> 0.65457143
A11: PPh final (skema PT/CV, per pelanggan, dari harga jual) | B11: =B6*Asumsi!$B$14 -> 35 | C11: =C6*Asumsi!$B$14 -> 58.333333 | D11: =D6*Asumsi!$B$14 -> 58.333333
A12: Net setelah PPh PT/CV | B12: =B9-B11 -> 5915 | C12: =C9-C11 -> 9600.3333 | D12: =D9-D11 -> 7578.3333
A14: Informasi: PPN yang ditambahkan Google di atas harga (dibayar pelanggan) | B14: =IF(Asumsi!$B$12=1,0,B4*Asumsi!$B$11) -> 770 | C14: =IF(Asumsi!$B$12=1,0,C4*Asumsi!$B$11) -> 1283.3333 | D14: =IF(Asumsi!$B$12=1,0,D4*Asumsi!$B$11) -> 1283.3333 | E14: Bukan beban atau pendapatan Anda: Google yang memungut dan menyetor PPN.
A15: Informasi: total yang dibayar pelanggan per bulan (harga + PPN) | B15: =B4+B14 -> 7770 | C15: =C4+C14 -> 12950 | D15: =D4+D14 -> 12950
A16: Informasi: net sebagai persen dari total yang dibayar pelanggan | B16: =IF(B15=0,0,B9/B15) -> 0.76576577 | C16: =IF(C15=0,0,C9/C15) -> 0.74584299 | D16: =IF(D15=0,0,D9/D15) -> 0.58970399

Sheet Skenario
A1: Skenario bulan ke-12 (kondisi stabil)
A2: Ubah asumsi di sheet Asumsi. Net per tahun = kecepatan penuh; tahun pertama memakai faktor kenaikan bertahap.
B3: Konservatif | C3: Moderat | D3: Optimis
A4: Pengguna aktif bulanan (MAU) | B4: =Asumsi!B38 -> 1000 | C4: =Asumsi!C38 -> 5000 | D4: =Asumsi!D38 -> 20000
A5: Konversi ke berbayar | B5: =Asumsi!B39 -> 0.015 | C5: =Asumsi!C39 -> 0.025 | D5: =Asumsi!D39 -> 0.03
A6: Pelanggan berbayar | B6: =ROUND(B4*B5,0) -> 15 | C6: =ROUND(C4*C5,0) -> 125 | D6: =ROUND(D4*D5,0) -> 600
A7: Ultimate | B7: =ROUND(B6*Asumsi!B40,0) -> 3 | C7: =ROUND(C6*Asumsi!C40,0) -> 31 | D7: =ROUND(D6*Asumsi!D40,0) -> 180
A8: Premium | B8: =B6-B7 -> 12 | C8: =C6-C7 -> 94 | D8: =D6-D7 -> 420
A9: Uang masuk dan potongan
A10: Uang masuk dari pelanggan per bulan (harga jual, tanpa PPN) | B10: =B8*Per_Pelanggan!$B$4+B7*Per_Pelanggan!$C$4 -> 119000 | C10: =C8*Per_Pelanggan!$B$4+C7*Per_Pelanggan!$C$4 -> 1019666.7 | D10: =D8*Per_Pelanggan!$B$4+D7*Per_Pelanggan!$C$4 -> 5040000
A11: PPN yang dipotong dari harga (0 bila PPN di atas harga) | B11: =B8*Per_Pelanggan!$B$5+B7*Per_Pelanggan!$C$5 -> 0 | C11: =C8*Per_Pelanggan!$B$5+C7*Per_Pelanggan!$C$5 -> 0 | D11: =D8*Per_Pelanggan!$B$5+D7*Per_Pelanggan!$C$5 -> 0
A12: Dasar biaya Google (harga jual) | B12: =B10-B11 -> 119000 | C12: =C10-C11 -> 1019666.7 | D12: =D10-D11 -> 5040000
A13: Biaya layanan Google | B13: =B12*Asumsi!$B$13 -> 17850 | C13: =C12*Asumsi!$B$13 -> 152950 | D13: =D12*Asumsi!$B$13 -> 756000
A14: Biaya AI (pemakaian tipikal) | B14: =B7*Per_Pelanggan!$C$8 -> 774 | C14: =C7*Per_Pelanggan!$C$8 -> 7998 | D14: =D7*Per_Pelanggan!$C$8 -> 46440
A15: RevenueCat (di atas batas gratis) | B15: =MAX(0,B12/Asumsi!$B$25-Asumsi!$B$32)*Asumsi!$B$33*Asumsi!$B$25 -> 0 | C15: =MAX(0,C12/Asumsi!$B$25-Asumsi!$B$32)*Asumsi!$B$33*Asumsi!$B$25 -> 0 | D15: =MAX(0,D12/Asumsi!$B$25-Asumsi!$B$32)*Asumsi!$B$33*Asumsi!$B$25 -> 0
A16: Biaya tetap lain | B16: =Asumsi!$B$34 -> 0 | C16: =Asumsi!$B$34 -> 0 | D16: =Asumsi!$B$34 -> 0
A17: Net sebelum PPh per bulan | B17: =B12-B13-B14-B15-B16 -> 100376 | C17: =C12-C13-C14-C15-C16 -> 858718.67 | D17: =D12-D13-D14-D15-D16 -> 4237560
A18: PPh final per bulan (rata-rata) | B18: =IF(Asumsi!$B$15=1,MAX(0,B12*12-Asumsi!$B$16)*Asumsi!$B$14/12,B12*Asumsi!$B$14) -> 595 | C18: =IF(Asumsi!$B$15=1,MAX(0,C12*12-Asumsi!$B$16)*Asumsi!$B$14/12,C12*Asumsi!$B$14) -> 5098.3333 | D18: =IF(Asumsi!$B$15=1,MAX(0,D12*12-Asumsi!$B$16)*Asumsi!$B$14/12,D12*Asumsi!$B$14) -> 25200 | E18: Skema 1 (orang pribadi): hanya omzet di atas batas yang dikenai pajak. Skema 2: semua omzet.
A19: Net bersih per bulan | B19: =B17-B18 -> 99781 | C19: =C17-C18 -> 853620.33 | D19: =D17-D18 -> 4212360
A20: Net bersih per tahun (kecepatan penuh) | B20: =B19*12 -> 1197372 | C20: =C19*12 -> 10243444 | D20: =D19*12 -> 50548320
A21: Net bersih tahun pertama (pelanggan naik bertahap, kira-kira) | B21: =B20*Asumsi!B41 -> 598686 | C21: =C20*Asumsi!C41 -> 5121722 | D21: =D20*Asumsi!D41 -> 25274160 | E21: Perkiraan kasar: net tahunan x faktor tahun pertama (pajak tidak dihitung ulang).
A22: Net bersih sebagai persen dari harga jual | B22: =IF(B10=0,0,B19/B10) -> 0.8384958 | C22: =IF(C10=0,0,C19/C10) -> 0.83715626 | D22: =IF(D10=0,0,D19/D10) -> 0.83578571
A23: Kasus terburuk untuk biaya AI
A24: Biaya AI bila semua pelanggan Ultimate memakai kuota penuh | B24: =B7*Per_Pelanggan!$D$8 -> 6840 | C24: =C7*Per_Pelanggan!$D$8 -> 70680 | D24: =D7*Per_Pelanggan!$D$8 -> 410400
A25: Net sebelum PPh dalam kasus kuota penuh | B25: =B12-B13-B24-B15-B16 -> 94310 | C25: =C12-C13-C24-C15-C16 -> 796036.67 | D25: =D12-D13-D24-D15-D16 -> 3873600
A26: Iklan (kepercayaan rendah; akun AdMob belum disetujui)
A27: Pengguna gratis | B27: =B4-B6 -> 985 | C27: =C4-C6 -> 4875 | D27: =D4-D6 -> 19400
A28: Pendapatan iklan per pengguna gratis per bulan (Rp) | B28: =Asumsi!$B$29/1000*Asumsi!$B$28*Asumsi!$B$25 -> 537.9 | C28: =Asumsi!$B$29/1000*Asumsi!$B$28*Asumsi!$B$25 -> 537.9 | D28: =Asumsi!$B$29/1000*Asumsi!$B$28*Asumsi!$B$25 -> 537.9
A29: Pendapatan iklan AdMob per bulan (kasar, sebelum PPh) | B29: =B27*B28 -> 529831.5 | C29: =C27*C28 -> 2622262.5 | D29: =D27*D28 -> 10435260 | E29: Bergantung eCPM dan tayangan di Asumsi; bagi hasil AdMob sudah termasuk di eCPM.
A30: Total net per bulan termasuk iklan (kasar) | B30: =B19+B29 -> 629612.5 | C30: =C19+C29 -> 3475882.8 | D30: =D19+D29 -> 14647620
A32: Informasi: PPN yang ditambahkan Google di atas harga per bulan | B32: =IF(Asumsi!$B$12=1,0,B10*Asumsi!$B$11) -> 13090 | C32: =IF(Asumsi!$B$12=1,0,C10*Asumsi!$B$11) -> 112163.33 | D32: =IF(Asumsi!$B$12=1,0,D10*Asumsi!$B$11) -> 554400 | E32: Bukan beban Anda; dipungut dan disetor Google.
A33: Informasi: total yang dibayar semua pelanggan per bulan (harga + PPN) | B33: =B10+B32 -> 132090 | C33: =C10+C32 -> 1131830 | D33: =D10+D32 -> 5594400

Sheet Sensitivitas
A1: Sensitivitas dan titik impas
A2: Net per tahun sebelum PPh dan RevenueCat (kecepatan penuh), dikurangi biaya tetap tahunan.
A3: Porsi Ultimate dari pelanggan berbayar | B3: 0.25 | C3: Ubah sesuai skenario yang ingin dilihat.
A5: Pengguna aktif bulanan \ Konversi ke berbayar | B5: 0.01 | C5: 0.02 | D5: 0.03 | E5: 0.04 | F5: 0.05
A6: 500 | B6: =$A6*B$5*((1-$B$3)*Per_Pelanggan!$B$9+$B$3*Per_Pelanggan!$C$9)*12-Asumsi!$B$34*12 -> 412630 | C6: =$A6*C$5*((1-$B$3)*Per_Pelanggan!$B$9+$B$3*Per_Pelanggan!$C$9)*12-Asumsi!$B$34*12 -> 825260 | D6: =$A6*D$5*((1-$B$3)*Per_Pelanggan!$B$9+$B$3*Per_Pelanggan!$C$9)*12-Asumsi!$B$34*12 -> 1237890 | E6: =$A6*E$5*((1-$B$3)*Per_Pelanggan!$B$9+$B$3*Per_Pelanggan!$C$9)*12-Asumsi!$B$34*12 -> 1650520 | F6: =$A6*F$5*((1-$B$3)*Per_Pelanggan!$B$9+$B$3*Per_Pelanggan!$C$9)*12-Asumsi!$B$34*12 -> 2063150 | G6: Isi tabel = Rp per tahun. Edit angka biru di baris/kolom judul untuk titik lain.
A7: 1000 | B7: =$A7*B$5*((1-$B$3)*Per_Pelanggan!$B$9+$B$3*Per_Pelanggan!$C$9)*12-Asumsi!$B$34*12 -> 825260 | C7: =$A7*C$5*((1-$B$3)*Per_Pelanggan!$B$9+$B$3*Per_Pelanggan!$C$9)*12-Asumsi!$B$34*12 -> 1650520 | D7: =$A7*D$5*((1-$B$3)*Per_Pelanggan!$B$9+$B$3*Per_Pelanggan!$C$9)*12-Asumsi!$B$34*12 -> 2475780 | E7: =$A7*E$5*((1-$B$3)*Per_Pelanggan!$B$9+$B$3*Per_Pelanggan!$C$9)*12-Asumsi!$B$34*12 -> 3301040 | F7: =$A7*F$5*((1-$B$3)*Per_Pelanggan!$B$9+$B$3*Per_Pelanggan!$C$9)*12-Asumsi!$B$34*12 -> 4126300
A8: 2500 | B8: =$A8*B$5*((1-$B$3)*Per_Pelanggan!$B$9+$B$3*Per_Pelanggan!$C$9)*12-Asumsi!$B$34*12 -> 2063150 | C8: =$A8*C$5*((1-$B$3)*Per_Pelanggan!$B$9+$B$3*Per_Pelanggan!$C$9)*12-Asumsi!$B$34*12 -> 4126300 | D8: =$A8*D$5*((1-$B$3)*Per_Pelanggan!$B$9+$B$3*Per_Pelanggan!$C$9)*12-Asumsi!$B$34*12 -> 6189450 | E8: =$A8*E$5*((1-$B$3)*Per_Pelanggan!$B$9+$B$3*Per_Pelanggan!$C$9)*12-Asumsi!$B$34*12 -> 8252600 | F8: =$A8*F$5*((1-$B$3)*Per_Pelanggan!$B$9+$B$3*Per_Pelanggan!$C$9)*12-Asumsi!$B$34*12 -> 10315750
A9: 5000 | B9: =$A9*B$5*((1-$B$3)*Per_Pelanggan!$B$9+$B$3*Per_Pelanggan!$C$9)*12-Asumsi!$B$34*12 -> 4126300 | C9: =$A9*C$5*((1-$B$3)*Per_Pelanggan!$B$9+$B$3*Per_Pelanggan!$C$9)*12-Asumsi!$B$34*12 -> 8252600 | D9: =$A9*D$5*((1-$B$3)*Per_Pelanggan!$B$9+$B$3*Per_Pelanggan!$C$9)*12-Asumsi!$B$34*12 -> 12378900 | E9: =$A9*E$5*((1-$B$3)*Per_Pelanggan!$B$9+$B$3*Per_Pelanggan!$C$9)*12-Asumsi!$B$34*12 -> 16505200 | F9: =$A9*F$5*((1-$B$3)*Per_Pelanggan!$B$9+$B$3*Per_Pelanggan!$C$9)*12-Asumsi!$B$34*12 -> 20631500
A10: 10000 | B10: =$A10*B$5*((1-$B$3)*Per_Pelanggan!$B$9+$B$3*Per_Pelanggan!$C$9)*12-Asumsi!$B$34*12 -> 8252600 | C10: =$A10*C$5*((1-$B$3)*Per_Pelanggan!$B$9+$B$3*Per_Pelanggan!$C$9)*12-Asumsi!$B$34*12 -> 16505200 | D10: =$A10*D$5*((1-$B$3)*Per_Pelanggan!$B$9+$B$3*Per_Pelanggan!$C$9)*12-Asumsi!$B$34*12 -> 24757800 | E10: =$A10*E$5*((1-$B$3)*Per_Pelanggan!$B$9+$B$3*Per_Pelanggan!$C$9)*12-Asumsi!$B$34*12 -> 33010400 | F10: =$A10*F$5*((1-$B$3)*Per_Pelanggan!$B$9+$B$3*Per_Pelanggan!$C$9)*12-Asumsi!$B$34*12 -> 41263000
A11: 20000 | B11: =$A11*B$5*((1-$B$3)*Per_Pelanggan!$B$9+$B$3*Per_Pelanggan!$C$9)*12-Asumsi!$B$34*12 -> 16505200 | C11: =$A11*C$5*((1-$B$3)*Per_Pelanggan!$B$9+$B$3*Per_Pelanggan!$C$9)*12-Asumsi!$B$34*12 -> 33010400 | D11: =$A11*D$5*((1-$B$3)*Per_Pelanggan!$B$9+$B$3*Per_Pelanggan!$C$9)*12-Asumsi!$B$34*12 -> 49515600 | E11: =$A11*E$5*((1-$B$3)*Per_Pelanggan!$B$9+$B$3*Per_Pelanggan!$C$9)*12-Asumsi!$B$34*12 -> 66020800 | F11: =$A11*F$5*((1-$B$3)*Per_Pelanggan!$B$9+$B$3*Per_Pelanggan!$C$9)*12-Asumsi!$B$34*12 -> 82526000
A12: 50000 | B12: =$A12*B$5*((1-$B$3)*Per_Pelanggan!$B$9+$B$3*Per_Pelanggan!$C$9)*12-Asumsi!$B$34*12 -> 41263000 | C12: =$A12*C$5*((1-$B$3)*Per_Pelanggan!$B$9+$B$3*Per_Pelanggan!$C$9)*12-Asumsi!$B$34*12 -> 82526000 | D12: =$A12*D$5*((1-$B$3)*Per_Pelanggan!$B$9+$B$3*Per_Pelanggan!$C$9)*12-Asumsi!$B$34*12 -> 123789000 | E12: =$A12*E$5*((1-$B$3)*Per_Pelanggan!$B$9+$B$3*Per_Pelanggan!$C$9)*12-Asumsi!$B$34*12 -> 165052000 | F12: =$A12*F$5*((1-$B$3)*Per_Pelanggan!$B$9+$B$3*Per_Pelanggan!$C$9)*12-Asumsi!$B$34*12 -> 206315000
A15: Titik impas terhadap target penghasilan
A16: Target net per bulan (Rp) | B16: 5000000 | C16: Sebelum PPh. Tidak termasuk pendapatan iklan.
A17: Net rata-rata per pelanggan berbayar per bulan (Rp) | B17: =(1-$B$3)*Per_Pelanggan!$B$9+$B$3*Per_Pelanggan!$C$9 -> 6877.1667
A18: Pelanggan berbayar yang dibutuhkan | B18: =IF(B17<=0,0,ROUNDUP(($B$16+Asumsi!$B$34)/B17,0)) -> 728
A19: Konversi yang diasumsikan | B19: 0.02
A20: Pengguna aktif bulanan yang dibutuhkan | B20: =IF(B19<=0,0,ROUNDUP(B18/B19,0)) -> 36400
